{
  "project_info": {
    "project_number": "863707882628",
    "firebase_url": "https://kooralivehd-d385b.firebaseio.com",
    "project_id": "kooralivehd-d385b",
    "storage_bucket": "kooralivehd-d385b.appspot.com"
  },
  "client": [
    {
      "client_info": {
        "mobilesdk_app_id": "1:863707882628:android:c85d938443d9fdc5",
        "android_client_info": {
          "package_name": "com.live.kooralivehd"
        }
      },
      "oauth_client": [
        {
          "client_id": "863707882628-4pnnk2kb462cir0c6p550tchhnb18mfp.apps.googleusercontent.com",
          "client_type": 1,
          "android_info": {
            "package_name": "com.live.kooralivehd",
            "certificate_hash": "b2e7a2828e412726b5cf59ab1ca3bf842cc7013c"
          }
        },
        {
          "client_id": "863707882628-9b4vm66iap7lu9e14tor4ubj7fbdp625.apps.googleusercontent.com",
          "client_type": 1,
          "android_info": {
            "package_name": "com.live.kooralivehd",
            "certificate_hash": "9ed94bae885ec5f05389ebc1e34b7270509ffa50"
          }
        },
        {
          "client_id": "863707882628-l3pr3ar4otdeoen73ue1l1lsv42ue3p2.apps.googleusercontent.com",
          "client_type": 3
        }
      ],
      "api_key": [
        {
          "current_key": "AIzaSyBV0TB6On7DuLAIL4hAhdXHICSZhAhiqKI"
        }
      ],
      "services": {
        "analytics_service": {
          "status": 1
        },
        "appinvite_service": {
          "status": 2,
          "other_platform_oauth_client": [
            {
              "client_id": "863707882628-l3pr3ar4otdeoen73ue1l1lsv42ue3p2.apps.googleusercontent.com",
              "client_type": 3
            }
          ]
        },
        "ads_service": {
          "status": 2
        }
      }
    }
  ],
  "configuration_version": "1"
}