{
  "project_info": {
    "project_number": "1080442829017",
    "firebase_url": "https://terasjawa-c1b88.firebaseio.com",
    "project_id": "terasjawa-c1b88",
    "storage_bucket": "terasjawa-c1b88.appspot.com"
  },
  "client": [
    {
      "client_info": {
        "mobilesdk_app_id": "1:1080442829017:android:adf103830a1f7ae2",
        "android_client_info": {
          "package_name": "com.restaurant.terasjawa"
        }
      },
      "oauth_client": [
        {
          "client_id": "1080442829017-3umdm0ceq8ivabjks4ha7ppbggpqdlb0.apps.googleusercontent.com",
          "client_type": 1,
          "android_info": {
            "package_name": "com.restaurant.terasjawa",
            "certificate_hash": "2cc16c5ff9585ebea63a625f30771381bf8b1116"
          }
        },
        {
          "client_id": "1080442829017-nnenb9u2t6gab9oa59ovag9mm6bcq4s5.apps.googleusercontent.com",
          "client_type": 3
        }
      ],
      "api_key": [
        {
          "current_key": "AIzaSyDEVl-7sefxqgPfchdy2-AwrLbmimNYt7M"
        }
      ],
      "services": {
        "analytics_service": {
          "status": 1
        },
        "appinvite_service": {
          "status": 2,
          "other_platform_oauth_client": [
            {
              "client_id": "1080442829017-nnenb9u2t6gab9oa59ovag9mm6bcq4s5.apps.googleusercontent.com",
              "client_type": 3
            }
          ]
        },
        "ads_service": {
          "status": 2
        }
      }
    }
  ],
  "configuration_version": "1"
}